#queryIndex	queryItem	stringId	preferredName	annotation
2	ABCE1	9606.ENSP00000296577	ABCE1	ATP-binding cassette sub-family E member 1; Antagonizes the binding of 2-5A (5'-phosphorylated 2',5'-linked oligoadenylates) by RNase L through direct interaction with RNase L and therefore inhibits its endoribonuclease activity. May play a central role in the regulation of mRNA turnover. Antagonizes the anti-viral effect of the interferon-regulated 2-5A/RNase L pathway. May act as a chaperone for post-translational events during HIV-1 capsid assembly; Belongs to the ABC transporter superfamily. ABCE family
3	ADAR	9606.ENSP00000357459	ADAR	Double-stranded RNA-specific adenosine deaminase; Catalyzes the hydrolytic deamination of adenosine to inosine in double-stranded RNA (dsRNA) referred to as A-to-I RNA editing. This may affect gene expression and function in a number of ways that include mRNA translation by changing codons and hence the amino acid sequence of proteins; pre-mRNA splicing by altering splice site recognition sequences; RNA stability by changing sequences involved in nuclease recognition; genetic stability in the case of RNA virus genomes by changing sequences during viral RNA replication; and RNA structur [...] 
4	BST2	9606.ENSP00000252593	BST2	Bone marrow stromal antigen 2; IFN-induced antiviral host restriction factor which efficiently blocks the release of diverse mammalian enveloped viruses by directly tethering nascent virions to the membranes of infected cells. Acts as a direct physical tether, holding virions to the cell membrane and linking virions to each other. The tethered virions can be internalized by endocytosis and subsequently degraded or they can remain on the cell surface. In either case, their spread as cell-free virions is restricted. Its target viruses belong to diverse families, including retroviridae: h [...] 
5	CACTIN	9606.ENSP00000415078	CACTIN	Cactin; Involved in the regulation of innate immune response. Acts as negative regulator of Toll-like receptor and interferon- regulatory factor (IRF) signaling pathways. Contributes to the regulation of transcriptional activation of NF-kappa-B target genes in response to endogenous proinflammatory stimuli. May play a role during early embryonic development. Probably involved in pre-mRNA splicing; Belongs to the CACTIN family
6	CDC37	9606.ENSP00000222005	CDC37	Hsp90 co-chaperone Cdc37; Co-chaperone that binds to numerous kinases and promotes their interaction with the Hsp90 complex, resulting in stabilization and promotion of their activity. Inhibits HSP90AA1 ATPase activity
7	CNOT7	9606.ENSP00000355279	CNOT7	CCR4-NOT transcription complex subunit 7; Has 3'-5' poly(A) exoribonuclease activity for synthetic poly(A) RNA substrate. Its function seems to be partially redundant with that of CNOT8. Catalytic component of the CCR4-NOT complex which is one of the major cellular mRNA deadenylases and is linked to various cellular processes including bulk mRNA degradation, miRNA-mediated repression, translational repression during translational initiation and general transcription regulation. During miRNA-mediated repression the complex seems also to act as translational repressor during translationa [...] 
8	DCST1	9606.ENSP00000295542	DCST1	E3 ubiquitin-protein ligase DCST1; E3 ubiquitin-protein ligase which mediates 'Lys-48'- linked ubiquitination of STAT2 and induces its proteosomal degradation thereby negatively regulating type-I-interferon signaling; Ring finger proteins
9	EGR1	9606.ENSP00000239938	EGR1	Early growth response protein 1; Transcriptional regulator. Recognizes and binds to the DNA sequence 5'-GCG(T/G)GGGCG-3'(EGR-site) in the promoter region of target genes (By similarity). Binds double- stranded target DNA, irrespective of the cytosine methylation status. Regulates the transcription of numerous target genes, and thereby plays an important role in regulating the response to growth factors, DNA damage, and ischemia. Plays a role in the regulation of cell survival, proliferation and cell death. Activates expression of p53/TP53 and TGFB1, and thereby helps prevent tumor form [...] 
10	FADD	9606.ENSP00000301838	FADD	FAS-associated death domain protein; Apoptotic adaptor molecule that recruits caspase-8 or caspase-10 to the activated Fas (CD95) or TNFR-1 receptors. The resulting aggregate called the death-inducing signaling complex (DISC) performs caspase-8 proteolytic activation. Active caspase-8 initiates the subsequent cascade of caspases mediating apoptosis. Involved in interferon-mediated antiviral immune response, playing a role in the positive regulation of interferon signaling; Death effector domain containing
11	GBP2	9606.ENSP00000359497	GBP2	Guanylate-binding protein 2; Hydrolyzes GTP to GMP in 2 consecutive cleavage reactions, but the major reaction product is GDP. Exhibits antiviral activity against influenza virus. Promote oxidative killing and deliver antimicrobial peptides to autophagolysosomes, providing broad host protection against different pathogen classes (By similarity); Belongs to the TRAFAC class dynamin-like GTPase superfamily. GB1/RHD3-type GTPase family. GB1 subfamily
12	HLA-E	9606.ENSP00000365817	HLA-E	HLA class I histocompatibility antigen, alpha chain E; Preferably binds to a peptide derived from the signal sequence of most HLA-A, -B, -C and -G molecules; Belongs to the MHC class I family
13	HLA-F	9606.ENSP00000259951	HLA-F	HLA class I histocompatibility antigen, alpha chain F; Involved in the presentation of foreign antigens to the immune system; C1-set domain containing
14	HLA-G	9606.ENSP00000412927	HLA-G	HLA class I histocompatibility antigen, alpha chain G; Involved in the presentation of foreign antigens to the immune system. Plays a role in maternal tolerance of the fetus by mediating protection from the deleterious effects of natural killer cells, cytotoxic T-lymphocytes, macrophages and mononuclear cells; Belongs to the MHC class I family
15	HLA-H	9606.ENSP00000417404	HFE	Hereditary hemochromatosis protein; Binds to transferrin receptor (TFR) and reduces its affinity for iron-loaded transferrin; Belongs to the MHC class I family
16	HSP90AB1	9606.ENSP00000360609	HSP90AB1	Heat shock protein HSP 90-beta; Molecular chaperone that promotes the maturation, structural maintenance and proper regulation of specific target proteins involved for instance in cell cycle control and signal transduction. Undergoes a functional cycle that is linked to its ATPase activity. This cycle probably induces conformational changes in the client proteins, thereby causing their activation. Interacts dynamically with various co-chaperones that modulate its substrate recognition, ATPase cycle and chaperone function. Engages with a range of client protein classes via its interacti [...] 
17	IFI27	9606.ENSP00000483430	IFI27	Interferon alpha-inducible protein 27, mitochondrial; Promotes cell death. Mediates IFN-induced apoptosis characterized by a rapid and robust release of cytochrome C from the mitochondria and activation of BAX and caspases 2, 3, 6, 8 and 9
18	IFI35	9606.ENSP00000395590	IFI35	Interferon-induced 35 kDa protein; Not yet known
19	IFI6	9606.ENSP00000342513	IFI6	Interferon alpha inducible protein 6
20	IFIT1	9606.ENSP00000360869	IFIT1	Interferon-induced protein with tetratricopeptide repeats 1; Interferon-induced antiviral RNA-binding protein that specifically binds single-stranded RNA bearing a 5'-triphosphate group (PPP-RNA), thereby acting as a sensor of viral single- stranded RNAs and inhibiting expression of viral messenger RNAs. Single-stranded PPP-RNAs, which lack 2'-O-methylation of the 5' cap and bear a 5'-triphosphate group instead, are specific from viruses, providing a molecular signature to distinguish between self and non-self mRNAs by the host during viral infection. Directly binds PPP-RNA in a non-se [...] 
21	IFIT2	9606.ENSP00000360891	IFIT2	Interferon-induced protein with tetratricopeptide repeats 2; IFN-induced antiviral protein which inhibits expression of viral messenger RNAs lacking 2'-O-methylation of the 5' cap. The ribose 2'-O-methylation would provide a molecular signature to distinguish between self and non-self mRNAs by the host during viral infection. Viruses evolved several ways to evade this restriction system such as encoding their own 2'-O-methylase for their mRNAs or by stealing host cap containing the 2'-O- methylation (cap snatching mechanism). Binds AU-rich viral RNAs, with or without 5' triphosphorylat [...] 
22	IFIT3	9606.ENSP00000360883	IFIT3	Interferon-induced protein with tetratricopeptide repeats 3; IFN-induced antiviral protein which acts as an inhibitor of cellular as well as viral processes, cell migration, proliferation, signaling, and viral replication. Enhances MAVS- mediated host antiviral responses by serving as an adapter bridging TBK1 to MAVS which leads to the activation of TBK1 and phosphorylation of IRF3 and phosphorylated IRF3 translocates into nucleus to promote antiviral gene transcription. Exihibits an antiproliferative activity via the up-regulation of cell cycle negative regulators CDKN1A/p21 and CDKN1 [...] 
23	IFITM1	9606.ENSP00000386187	IFITM1	Interferon-induced transmembrane protein 1; IFN-induced antiviral protein which inhibits the entry of viruses to the host cell cytoplasm, permitting endocytosis, but preventing subsequent viral fusion and release of viral contents into the cytosol. Active against multiple viruses, including influenza A virus, SARS coronavirus (SARS-CoV), Marburg virus (MARV), Ebola virus (EBOV), Dengue virus (DNV), West Nile virus (WNV), human immunodeficiency virus type 1 (HIV-1) and hepatitis C virus (HCV). Can inhibit: influenza virus hemagglutinin protein- mediated viral entry, MARV and EBOV GP1,2- [...] 
24	IFITM2	9606.ENSP00000484689	IFITM2	Interferon-induced transmembrane protein 2; IFN-induced antiviral protein which inhibits the entry of viruses to the host cell cytoplasm, permitting endocytosis, but preventing subsequent viral fusion and release of viral contents into the cytosol. Active against multiple viruses, including influenza A virus, SARS coronavirus (SARS-CoV), Marburg virus (MARV), Ebola virus (EBOV), Dengue virus (DNV), West Nile virus (WNV), human immunodeficiency virus type 1 (HIV-1) and vesicular stomatitis virus (VSV). Can inhibit: influenza virus hemagglutinin protein-mediated viral entry, MARV and EBO [...] 
25	IFITM3	9606.ENSP00000382707	IFITM3	Interferon-induced transmembrane protein 3; IFN-induced antiviral protein which disrupts intracellular cholesterol homeostasis. Inhibits the entry of viruses to the host cell cytoplasm by preventing viral fusion with cholesterol depleted endosomes. May inactivate new enveloped viruses which buds out of the infected cell, by letting them go out with a cholesterol depleted membrane. Active against multiple viruses, including influenza A virus, SARS coronavirus (SARS-CoV), Marburg virus (MARV) and Ebola virus (EBOV), Dengue virus (DNV), West Nile virus (WNV), human immunodeficiency virus  [...] 
26	IFNA1	9606.ENSP00000276927	IFNA1	Interferon alpha-1/13; Produced by macrophages, IFN-alpha have antiviral activities. Interferon stimulates the production of two enzymes: a protein kinase and an oligoadenylate synthetase; Belongs to the alpha/beta interferon family
27	IFNA10	9606.ENSP00000369566	IFNA10	Interferon alpha-10; Produced by macrophages, IFN-alpha have antiviral activities. Interferon stimulates the production of two enzymes: a protein kinase and an oligoadenylate synthetase; Interferons
28	IFNA13	9606.ENSP00000480467	IFNA13	Interferon alpha-1/13; Produced by macrophages, IFN-alpha have antiviral activities. Interferon stimulates the production of two enzymes: a protein kinase and an oligoadenylate synthetase; Interferons
29	IFNA14	9606.ENSP00000369571	IFNA14	Interferon alpha-14; Produced by macrophages, IFN-alpha have antiviral activities. Interferon stimulates the production of two enzymes: a protein kinase and an oligoadenylate synthetase; Interferons
30	IFNA16	9606.ENSP00000369564	IFNA16	Interferon alpha-16; Produced by macrophages, IFN-alpha have antiviral activities. Interferon stimulates the production of two enzymes: a protein kinase and an oligoadenylate synthetase; Interferons
31	IFNA17	9606.ENSP00000411940	IFNA17	Interferon alpha-17; Produced by macrophages, IFN-alpha have antiviral activities. Interferon stimulates the production of two enzymes: a protein kinase and an oligoadenylate synthetase; Interferons
32	IFNA2	9606.ENSP00000369554	IFNA2	Interferon alpha-2; Produced by macrophages, IFN-alpha have antiviral activities; Interferons
33	IFNA21	9606.ENSP00000369574	IFNA21	Interferon alpha-21; Produced by macrophages, IFN-alpha have antiviral activities. Interferon stimulates the production of two enzymes: a protein kinase and an oligoadenylate synthetase; Interferons
34	IFNA4	9606.ENSP00000412897	IFNA4	Interferon alpha-4; Produced by macrophages, IFN-alpha have antiviral activities. Interferon stimulates the production of two enzymes: a protein kinase and an oligoadenylate synthetase; Belongs to the alpha/beta interferon family
35	IFNA5	9606.ENSP00000484479	IFNA5	Interferon alpha-5; Produced by macrophages, IFN-alpha have antiviral activities. Interferon stimulates the production of two enzymes: a protein kinase and an oligoadenylate synthetase; Interferons
36	IFNA6	9606.ENSP00000369558	IFNA6	Interferon alpha-6; Produced by macrophages, IFN-alpha have antiviral activities. Interferon stimulates the production of two enzymes: a protein kinase and an oligoadenylate synthetase; Interferons
37	IFNA7	9606.ENSP00000239347	IFNA7	Interferon alpha-7; Produced by macrophages, IFN-alpha have antiviral activities. Interferon stimulates the production of two enzymes: a protein kinase and an oligoadenylate synthetase; Interferons
38	IFNA8	9606.ENSP00000369553	IFNA8	Interferon alpha-8; Produced by macrophages, IFN-alpha have antiviral activities. Interferon stimulates the production of two enzymes: a protein kinase and an oligoadenylate synthetase; Interferons
39	IFNAR1	9606.ENSP00000270139	IFNAR1	Interferon alpha/beta receptor 1; Component of the receptor for type I interferons, including interferons alpha, IFNB1 and IFNW1. Functions in general as heterodimer with IFNAR2. Type I interferon binding activates the JAK-STAT signaling cascade, and triggers tyrosine phosphorylation of a number of proteins including JAKs, TYK2, STAT proteins and the IFNR alpha- and beta- subunits themselves. Can form an active IFNB1 receptor by itself and activate a signaling cascade that does not involve activation of the JAK-STAT pathway (By similarity)
40	IFNAR2	9606.ENSP00000343957	IFNAR2	Interferon alpha/beta receptor 2; Associates with IFNAR1 to form the type I interferon receptor. Receptor for interferons alpha and beta. Involved in IFN-mediated STAT1, STAT2 and STAT3 activation. Isoform 1 and isoform 2 are directly involved in signal transduction due to their association with the TYR kinase, JAK1. Isoform 3 is a potent inhibitor of type I IFN receptor activity
41	IFNB1	9606.ENSP00000369581	IFNB1	Interferon beta; Has antiviral, antibacterial and anticancer activities; Belongs to the alpha/beta interferon family
42	IKBKE	9606.ENSP00000464030	IKBKE	Inhibitor of nuclear factor kappa-B kinase subunit epsilon; Serine/threonine kinase that plays an essential role in regulating inflammatory responses to viral infection, through the activation of the type I IFN, NF-kappa-B and STAT signaling. Also involved in TNFA and inflammatory cytokines, like Interleukin-1, signaling. Following activation of viral RNA sensors, such as RIG- I-like receptors, associates with DDX3X and phosphorylates interferon regulatory factors (IRFs), IRF3 and IRF7, as well as DDX3X. This activity allows subsequent homodimerization and nuclear translocation of the  [...] 
43	IP6K2	9606.ENSP00000331103	IP6K2	Inositol hexakisphosphate kinase 2; Converts inositol hexakisphosphate (InsP6) to diphosphoinositol pentakisphosphate (InsP7/PP-InsP5). Converts 1,3,4,5,6-pentakisphosphate (InsP5) to PP-InsP4; Belongs to the inositol phosphokinase (IPK) family
44	IRAK1	9606.ENSP00000358997	IRAK1	Interleukin-1 receptor-associated kinase 1; Serine/threonine-protein kinase that plays a critical role in initiating innate immune response against foreign pathogens. Involved in Toll-like receptor (TLR) and IL-1R signaling pathways. Is rapidly recruited by MYD88 to the receptor- signaling complex upon TLR activation. Association with MYD88 leads to IRAK1 phosphorylation by IRAK4 and subsequent autophosphorylation and kinase activation. Phosphorylates E3 ubiquitin ligases Pellino proteins (PELI1, PELI2 and PELI3) to promote pellino-mediated polyubiquitination of IRAK1. Then, the ubiqui [...] 
45	IRF1	9606.ENSP00000245414	IRF1	Interferon regulatory factor 1; Transcriptional regulator which displays a remarkable functional diversity in the regulation of cellular responses. These include the regulation of IFN and IFN-inducible genes, host response to viral and bacterial infections, regulation of many genes expressed during hematopoiesis, inflammation, immune responses and cell proliferation and differentiation, regulation of the cell cycle and induction of growth arrest and programmed cell death following DNA damage. Stimulates both innate and acquired immune responses through the activation of specific target [...] 
46	IRF2	9606.ENSP00000377218	IRF2	Interferon regulatory factor 2; Specifically binds to the upstream regulatory region of type I IFN and IFN-inducible MHC class I genes (the interferon consensus sequence (ICS)) and represses those genes. Also acts as an activator for several genes including H4 and IL7. Constitutively binds to the ISRE promoter to activate IL7. Involved in cell cycle regulation through binding the site II (HiNF-M) promoter region of H4 and activating transcription during cell growth. Antagonizes IRF1 transcriptional activation
47	IRF3	9606.ENSP00000471896	IRF3	Interferon regulatory factor 3; Key transcriptional regulator of type I interferon (IFN)-dependent immune responses which plays a critical role in the innate immune response against DNA and RNA viruses. Regulates the transcription of type I IFN genes (IFN-alpha and IFN-beta) and IFN-stimulated genes (ISG) by binding to an interferon-stimulated response element (ISRE) in their promoters. Acts as a more potent activator of the IFN-beta (IFNB) gene than the IFN-alpha (IFNA) gene and plays a critical role in both the early and late phases of the IFNA/B gene induction. Found in an inactive  [...] 
48	IRF4	9606.ENSP00000370343	IRF4	Interferon regulatory factor 4; Transcriptional activator. Binds to the interferon- stimulated response element (ISRE) of the MHC class I promoter. Binds the immunoglobulin lambda light chain enhancer, together with PU.1. Probably plays a role in ISRE-targeted signal transduction mechanisms specific to lymphoid cells. Involved in CD8(+) dendritic cell differentiation by forming a complex with the BATF-JUNB heterodimer in immune cells, leading to recognition of AICE sequence (5'-TGAnTCA/GAAA-3'), an immune-specific regulatory element, followed by cooperative binding of BATF and IRF4 and [...] 
49	IRF5	9606.ENSP00000349770	IRF5	Interferon regulatory factor 5; Transcription factor involved in the induction of interferons IFNA and INFB and inflammatory cytokines upon virus infection. Activated by TLR7 or TLR8 signaling; Belongs to the IRF family
50	IRF6	9606.ENSP00000355988	IRF6	Interferon regulatory factor 6; Probable DNA-binding transcriptional activator. Key determinant of the keratinocyte proliferation-differentiation switch involved in appropriate epidermal development (By similarity). Plays a role in regulating mammary epithelial cell proliferation (By similarity). May regulate WDR65 transcription (By similarity); Belongs to the IRF family
51	IRF7	9606.ENSP00000380697	IRF7	Interferon regulatory factor 7; Key transcriptional regulator of type I interferon (IFN)-dependent immune responses and plays a critical role in the innate immune response against DNA and RNA viruses. Regulates the transcription of type I IFN genes (IFN-alpha and IFN-beta) and IFN-stimulated genes (ISG) by binding to an interferon-stimulated response element (ISRE) in their promoters. Can efficiently activate both the IFN-beta (IFNB) and the IFN-alpha (IFNA) genes and mediate their induction via both the virus-activated, MyD88- independent pathway and the TLR-activated, MyD88-dependent [...] 
52	IRF8	9606.ENSP00000268638	IRF8	Interferon regulatory factor 8; Plays a role as a transcriptional activator or repressor. Specifically binds to the upstream regulatory region of type I IFN and IFN-inducible MHC class I genes (the interferon consensus sequence (ICS)). Plays a negative regulatory role in cells of the immune system. Involved in CD8(+) dendritic cell differentiation by forming a complex with the BATF-JUNB heterodimer in immune cells, leading to recognition of AICE sequence (5'-TGAnTCA/GAAA-3'), an immune-specific regulatory element, followed by cooperative binding of BATF and IRF8 and activation of genes [...] 
53	IRF9	9606.ENSP00000380073	IRF9	Interferon regulatory factor 9; Transcription factor that mediates signaling by type I IFNs (IFN-alpha and IFN-beta). Following type I IFN binding to cell surface receptors, Jak kinases (TYK2 and JAK1) are activated, leading to tyrosine phosphorylation of STAT1 and STAT2. IRF9/ISGF3G associates with the phosphorylated STAT1:STAT2 dimer to form a complex termed ISGF3 transcription factor, that enters the nucleus. ISGF3 binds to the IFN stimulated response element (ISRE) to activate the transcription of interferon stimulated genes, which drive the cell in an antiviral state
54	ISG15	9606.ENSP00000368699	ISG15	Ubiquitin-like protein ISG15; Ubiquitin-like protein which plays a key role in the innate immune response to viral infection either via its conjugation to a target protein (ISGylation) or via its action as a free or unconjugated protein. ISGylation involves a cascade of enzymatic reactions involving E1, E2, and E3 enzymes which catalyze the conjugation of ISG15 to a lysine residue in the target protein. Its target proteins include IFIT1, MX1/MxA, PPM1B, UBE2L6, UBA7, CHMP5, CHMP2A, CHMP4B and CHMP6. Can also isgylate: EIF2AK2/PKR which results in its activation, DDX58/RIG-I which inhib [...] 
55	ISG20	9606.ENSP00000306565	ISG20	Interferon-stimulated gene 20 kDa protein; Interferon-induced antiviral exoribonuclease that acts on single-stranded RNA and also has minor activity towards single- stranded DNA. Exhibits antiviral activity against RNA viruses including hepatitis C virus (HCV), hepatitis A virus (HAV) and yellow fever virus (YFV) in an exonuclease-dependent manner. May also play additional roles in the maturation of snRNAs and rRNAs, and in ribosome biogenesis; Exonucleases
56	JAK1	9606.ENSP00000343204	JAK1	Tyrosine-protein kinase JAK1; Tyrosine kinase of the non-receptor type, involved in the IFN-alpha/beta/gamma signal pathway. Kinase partner for the interleukin (IL)-2 receptor; FERM domain containing
57	LSM14A	9606.ENSP00000446271	LSM14A	Protein LSM14 homolog A; Essential for formation of P-bodies, cytoplasmic structures that provide storage sites for non-translating mRNAs; LSm proteins
58	MAVS	9606.ENSP00000401980	MAVS	Mitochondrial antiviral-signaling protein; Required for innate immune defense against viruses. Acts downstream of DDX58/RIG-I and IFIH1/MDA5, which detect intracellular dsRNA produced during viral replication, to coordinate pathways leading to the activation of NF-kappa-B, IRF3 and IRF7, and to the subsequent induction of antiviral cytokines such as IFN-beta and RANTES (CCL5). Peroxisomal and mitochondrial MAVS act sequentially to create an antiviral cellular state. Upon viral infection, peroxisomal MAVS induces the rapid interferon- independent expression of defense factors that provi [...] 
59	METTL3	9606.ENSP00000298717	METTL3	N6-adenosine-methyltransferase catalytic subunit; The METTL3-METTL14 heterodimer forms a N6- methyltransferase complex that methylates adenosine residues at the N(6) position of some RNAs and regulates various processes such as the circadian clock, differentiation of embryonic and haematopoietic stem cells, cortical neurogenesis, response to DNA damage, differentiation of T-cells and primary miRNA processing. In the heterodimer formed with METTL14, METTL3 constitutes the catalytic core. N6-methyladenosine (m6A), which takes place at the 5'-[AG]GAC-3' consensus sites of some mRNAs, play [...] 
60	MIR21	9606.ENSP00000344401	LIN28B	Protein lin-28 homolog B; Suppressor of microRNA (miRNA) biogenesis, including that of let-7 and possibly of miR107, miR-143 and miR-200c. Binds primary let-7 transcripts (pri-let-7), including pri-let-7g and pri-let-7a-1, and sequester them in the nucleolus, away from the microprocessor complex, hence preventing their processing into mature miRNA. Does not act on pri-miR21. The repression of let-7 expression is required for normal development and contributes to maintain the pluripotent state of embryonic stem cells by preventing let-7-mediated differentiation. When overexpressed, recr [...] 
61	MMP12	9606.ENSP00000458585	MMP12	Macrophage metalloelastase; May be involved in tissue injury and remodeling. Has significant elastolytic activity. Can accept large and small amino acids at the P1' site, but has a preference for leucine. Aromatic or hydrophobic residues are preferred at the P1 site, with small hydrophobic residues (preferably alanine) occupying P3; Belongs to the peptidase M10A family
62	MUL1	9606.ENSP00000264198	MUL1	Mitochondrial ubiquitin ligase activator of NFKB 1; Exhibits weak E3 ubiquitin-protein ligase activity. E3 ubiquitin ligases accept ubiquitin from an E2 ubiquitin-conjugating enzyme in the form of a thioester and then directly transfer the ubiquitin to targeted substrates. Can ubiquitinate AKT1 preferentially at 'Lys-284' involving 'Lys-48'-linked polyubiquitination and seems to be involved in regulation of Akt signaling by targeting phosphorylated Akt to proteosomal degradation. Proposed to preferentially act as a SUMO E3 ligase at physiological concentrations. Plays a role in the con [...] 
63	MX1	9606.ENSP00000381601	MX1	Interferon-induced GTP-binding protein Mx1; Interferon-induced dynamin-like GTPase with antiviral activity against a wide range of RNA viruses and some DNA viruses. Its target viruses include negative-stranded RNA viruses and HBV through binding and inactivation of their ribonucleocapsid. May also antagonize reoviridae and asfarviridae replication. Inhibits thogoto virus (THOV) replication by preventing the nuclear import of viral nucleocapsids. Inhibits La Crosse virus (LACV) replication by sequestering viral nucleoprotein in perinuclear complexes, preventing genome amplification, bud [...] 
64	MX2	9606.ENSP00000333657	MX2	Interferon-induced GTP-binding protein Mx2; Interferon-induced dynamin-like GTPase with potent antiviral activity against human immunodeficiency virus type 1 (HIV-1). Acts by targeting the viral capsid and affects the nuclear uptake and/or stability of the HIV-1 replication complex and the subsequent chromosomal integration of the proviral DNA. Exhibits antiviral activity also against simian immunodeficiency virus (SIV-mnd). May play a role in regulating nucleocytoplasmic transport and cell-cycle progression
65	MYD88	9606.ENSP00000401399	MYD88	Myeloid differentiation primary response protein MyD88; Adapter protein involved in the Toll-like receptor and IL-1 receptor signaling pathway in the innate immune response. Acts via IRAK1, IRAK2, IRF7 and TRAF6, leading to NF-kappa-B activation, cytokine secretion and the inflammatory response. Increases IL-8 transcription. Involved in IL-18-mediated signaling pathway. Activates IRF1 resulting in its rapid migration into the nucleus to mediate an efficient induction of IFN-beta, NOS2/INOS, and IL12A genes. MyD88-mediated signaling in intestinal epithelial cells is crucial for maintena [...] 
66	NLRC5	9606.ENSP00000262510	NLRC5	Protein NLRC5; Probable regulator of the NF-kappa-B and type I interferon signaling pathways. May also regulate the type II interferon signaling pathway. Plays a role in homeostatic control of innate immunity and in antiviral defense mechanisms; Belongs to the NLRP family
67	OAS1	9606.ENSP00000388001	OAS1	2'-5'-oligoadenylate synthase 1; Interferon-induced, dsRNA-activated antiviral enzyme which plays a critical role in cellular innate antiviral response. In addition, it may also play a role in other cellular processes such as apoptosis, cell growth, differentiation and gene regulation. Synthesizes higher oligomers of 2'-5'-oligoadenylates (2-5A) from ATP which then bind to the inactive monomeric form of ribonuclease L (RNase L) leading to its dimerization and subsequent activation. Activation of RNase L leads to degradation of cellular as well as viral RNA, resulting in the inhibition  [...] 
68	OAS2	9606.ENSP00000342278	OAS2	2'-5'-oligoadenylate synthase 2; Interferon-induced, dsRNA-activated antiviral enzyme which plays a critical role in cellular innate antiviral response. In addition, it may also play a role in other cellular processes such as apoptosis, cell growth, differentiation and gene regulation. Synthesizes higher oligomers of 2'-5'-oligoadenylates (2-5A) from ATP which then bind to the inactive monomeric form of ribonuclease L (RNase L) leading to its dimerization and subsequent activation. Activation of RNase L leads to degradation of cellular as well as viral RNA, resulting in the inhibition  [...] 
69	OAS3	9606.ENSP00000228928	OAS3	2'-5'-oligoadenylate synthase 3; Interferon-induced, dsRNA-activated antiviral enzyme which plays a critical role in cellular innate antiviral response. In addition, it may also play a role in other cellular processes such as apoptosis, cell growth, differentiation and gene regulation. Synthesizes preferentially dimers of 2'-5'- oligoadenylates (2-5A) from ATP which then bind to the inactive monomeric form of ribonuclease L (RNase L) leading to its dimerization and subsequent activation. Activation of RNase L leads to degradation of cellular as well as viral RNA, resulting in the inhib [...] 
70	OASL	9606.ENSP00000257570	OASL	2'-5'-oligoadenylate synthase-like protein; Does not have 2'-5'-OAS activity, but can bind double- stranded RNA. Displays antiviral activity against encephalomyocarditis virus (EMCV) and hepatitis C virus (HCV) via an alternative antiviral pathway independent of RNase L; Belongs to the 2-5A synthase family
71	PSMB8	9606.ENSP00000364016	PSMB8	Proteasome subunit beta type-8; The proteasome is a multicatalytic proteinase complex which is characterized by its ability to cleave peptides with Arg, Phe, Tyr, Leu, and Glu adjacent to the leaving group at neutral or slightly basic pH. The proteasome has an ATP-dependent proteolytic activity. This subunit is involved in antigen processing to generate class I binding peptides. Replacement of PSMB5 by PSMB8 increases the capacity of the immunoproteasome to cleave model peptides after hydrophobic and basic residues. Acts as a major component of interferon gamma-induced sensitivity. Pla [...] 
72	PTPN1	9606.ENSP00000360683	PTPN1	Tyrosine-protein phosphatase non-receptor type 1; Tyrosine-protein phosphatase which acts as a regulator of endoplasmic reticulum unfolded protein response. Mediates dephosphorylation of EIF2AK3/PERK; inactivating the protein kinase activity of EIF2AK3/PERK. May play an important role in CKII- and p60c-src-induced signal transduction cascades. May regulate the EFNA5-EPHA3 signaling pathway which modulates cell reorganization and cell-cell repulsion. May also regulate the hepatocyte growth factor receptor signaling pathway through dephosphorylation of MET; Protein tyrosine phosphatases, [...] 
73	PTPN11	9606.ENSP00000340944	PTPN11	Tyrosine-protein phosphatase non-receptor type 11; Acts downstream of various receptor and cytoplasmic protein tyrosine kinases to participate in the signal transduction from the cell surface to the nucleus. Positively regulates MAPK signal transduction pathway. Dephosphorylates GAB1, ARHGAP35 and EGFR. Dephosphorylates ROCK2 at 'Tyr-722' resulting in stimulatation of its RhoA binding activity. Dephosphorylates CDC73; Protein tyrosine phosphatases, non-receptor type
74	PTPN2	9606.ENSP00000311857	PTPN2	Tyrosine-protein phosphatase non-receptor type 2; Non-receptor type tyrosine-specific phosphatase that dephosphorylates receptor protein tyrosine kinases including INSR, EGFR, CSF1R, PDGFR. Also dephosphorylates non-receptor protein tyrosine kinases like JAK1, JAK2, JAK3, Src family kinases, STAT1, STAT3 and STAT6 either in the nucleus or the cytoplasm. Negatively regulates numerous signaling pathways and biological processes like hematopoiesis, inflammatory response, cell proliferation and differentiation, and glucose homeostasis. Plays a multifaceted and important role in the develop [...] 
75	PTPN6	9606.ENSP00000391592	PTPN6	Tyrosine-protein phosphatase non-receptor type 6; Modulates signaling by tyrosine phosphorylated cell surface receptors such as KIT and the EGF receptor/EGFR. The SH2 regions may interact with other cellular components to modulate its own phosphatase activity against interacting substrates. Together with MTUS1, induces UBE2V2 expression upon angiotensin II stimulation. Plays a key role in hematopoiesis; Protein tyrosine phosphatases, non-receptor type
76	RNASEL	9606.ENSP00000356530	RNASEL	2-5A-dependent ribonuclease; Endoribonuclease that functions in the interferon (IFN) antiviral response. In INF treated and virus infected cells, RNASEL probably mediates its antiviral effects through a combination of direct cleavage of single-stranded viral RNAs, inhibition of protein synthesis through the degradation of rRNA, induction of apoptosis, and induction of other antiviral genes. RNASEL mediated apoptosis is the result of a JNK-dependent stress- response pathway leading to cytochrome c release from mitochondria and caspase-dependent apoptosis. Therefore, activation of RNASEL [...] 
77	RSAD2	9606.ENSP00000371471	RSAD2	Radical S-adenosyl methionine domain-containing protein 2; Interferon-inducible iron-sulfur (4FE-4S) cluster- binding antiviral protein which plays a major role in the cell antiviral state induced by type I and type II interferon. Can inhibit a wide range of DNA and RNA viruses, including human cytomegalovirus (HCMV), hepatitis C virus (HCV), west Nile virus (WNV), dengue virus, sindbis virus, influenza A virus, sendai virus, vesicular stomatitis virus (VSV), and human immunodeficiency virus (HIV-1). Displays antiviral activity against influenza A virus by inhibiting the budding of the [...] 
78	SAMHD1	9606.ENSP00000262878	SAMHD1	Deoxynucleoside triphosphate triphosphohydrolase SAMHD1; Host restriction nuclease involved in defense response to virus. Has dNTPase activity and reduces cellular dNTP levels to levels too low for retroviral reverse transcription to occur. Blocks early-stage virus replication in dendritic and other myeloid cells. Likewise, suppresses LINE-1 retrotransposon activity. May play a role in mediating proinflammatory responses to TNF-alpha signaling. Has ribonuclease activity, acting on single-stranded RNA. This activity is essential for H1V-1 restriction; Sterile alpha motif domain containing
79	SCRIB	9606.ENSP00000349486	SCRIB	Protein scribble homolog; Scaffold protein involved in different aspects of polarized cells differentiation regulating epithelial and neuronal morphogenesis. Most probably functions in the establishment of apico-basal cell polarity. May function in cell proliferation regulating progression from G1 to S phase and as a positive regulator of apoptosis for instance during acinar morphogenesis of the mammary epithelium. May also function in cell migration and adhesion and hence regulate cell invasion through MAPK signaling. May play a role in exocytosis and in the targeting synaptic vesicle [...] 
80	SETD2	9606.ENSP00000386759	SETD2	Histone-lysine N-methyltransferase SETD2; Histone methyltransferase that specifically trimethylates 'Lys-36' of histone H3 (H3K36me3) using dimethylated 'Lys-36' (H3K36me2) as substrate. Represents the main enzyme generating H3K36me3, a specific tag for epigenetic transcriptional activation (By similarity). Plays a role in chromatin structure modulation during elongation by coordinating recruitment of the FACT complex and by interacting with hyperphosphorylated POLR2A. Acts as a key regulator of DNA mismatch repair in G1 and early S phase by generating H3K36me3, a mark required to recr [...] 
82	SHMT2	9606.ENSP00000333667	SHMT2	Serine hydroxymethyltransferase, mitochondrial; Contributes to the de novo mitochondrial thymidylate biosynthesis pathway via its role in glycine and tetrahydrofolate metabolism. Thymidylate biosynthesis is required to prevent uracil accumulation in mtDNA. Interconversion of serine and glycine. Associates with mitochondrial DNA. Plays a role in the deubiquitination of target proteins as component of the BRISC complex. Required for IFNAR1 deubiquitination by the BRISC complex; Belongs to the SHMT family
83	SP100	9606.ENSP00000343023	SP100	Nuclear autoantigen Sp-100; Together with PML, this tumor suppressor is a major constituent of the PML bodies, a subnuclear organelle involved in a large number of physiological processes including cell growth, differentiation and apoptosis. Functions as a transcriptional coactivator of ETS1 and ETS2 according to PubMed:11909962. Under certain conditions, it may also act as a corepressor of ETS1 preventing its binding to DNA according to PubMed:15247905. Through the regulation of ETS1 it may play a role in angiogenesis, controlling endothelial cell motility and invasion. Through intera [...] 
84	STAT1	9606.ENSP00000354394	STAT1	Signal transducer and activator of transcription 1-alpha/beta; Signal transducer and transcription activator that mediates cellular responses to interferons (IFNs), cytokine KITLG/SCF and other cytokines and other growth factors. Following type I IFN (IFN-alpha and IFN-beta) binding to cell surface receptors, signaling via protein kinases leads to activation of Jak kinases (TYK2 and JAK1) and to tyrosine phosphorylation of STAT1 and STAT2. The phosphorylated STATs dimerize and associate with ISGF3G/IRF-9 to form a complex termed ISGF3 transcription factor, that enters the nucleus. ISGF [...] 
85	STAT2	9606.ENSP00000315768	STAT2	Signal transducer and activator of transcription 2; Signal transducer and activator of transcription that mediates signaling by type I IFNs (IFN-alpha and IFN-beta). Following type I IFN binding to cell surface receptors, Jak kinases (TYK2 and JAK1) are activated, leading to tyrosine phosphorylation of STAT1 and STAT2. The phosphorylated STATs dimerize, associate with IRF9/ISGF3G to form a complex termed ISGF3 transcription factor, that enters the nucleus. ISGF3 binds to the IFN stimulated response element (ISRE) to activate the transcription of interferon stimulated genes, which drive [...] 
86	TBK1	9606.ENSP00000329967	TBK1	Serine/threonine-protein kinase TBK1; Serine/threonine kinase that plays an essential role in regulating inflammatory responses to foreign agents. Following activation of toll-like receptors by viral or bacterial components, associates with TRAF3 and TANK and phosphorylates interferon regulatory factors (IRFs) IRF3 and IRF7 as well as DDX3X. This activity allows subsequent homodimerization and nuclear translocation of the IRFs leading to transcriptional activation of pro-inflammatory and antiviral genes including IFNA and IFNB. In order to establish such an antiviral state, TBK1 form s [...] 
87	TREX1	9606.ENSP00000296443	TREX1	Three-prime repair exonuclease 1; Major cellular 3'-to-5' DNA exonuclease which digests single-stranded DNA (ssDNA) and double-stranded DNA (dsDNA) with mismatched 3' termini. Prevents cell-intrinsic initiation of autoimmunity. Acts by metabolizing DNA fragments from endogenous retroelements, including L1, LTR and SINE elements. Unless degraded, these DNA fragments accumulate in the cytosol and activate the IFN-stimulatory DNA (ISD) response and innate immune signaling. Prevents chronic ATM-dependent checkpoint activation, by processing ssDNA polynucleotide species arising from the pro [...] 
88	TRIM56	9606.ENSP00000305161	TRIM56	E3 ubiquitin-protein ligase TRIM56; E3 ubiquitin-protein ligase that plays a key role in innate antiviral immunity. In response to pathogen- and host-derived double-stranded DNA (dsDNA), targets TMEM173/STING to 'Lys-63'-linked ubiquitination, thereby promoting its homodimerization, a step required for the production of type I interferon IFN-beta (By similarity). Independently of its E3 ubiquitin ligase activity, positive regulator of TLR3 signaling. Potentiates extracellular double stranded RNA (dsRNA)-induced expression of IFNB1 and interferon-stimulated genes ISG15, IFIT1/ISG56, CXC [...] 
89	TRIM6	9606.ENSP00000369440	TRIM6	Tripartite motif-containing protein 6; E3 ubiquitin-protein ligase which ubiquitinates MYC and inhibits its transcription activation activity, maintaining the pluripotency of embryonic stem cells (By similarity). Involved in the synthesis of unanchored K48-linked polyubiquitin chains which interact with and activate the serine/threonine kinase IKBKE, leading to phosphorylation of STAT1 and stimulation of an antiviral response; Ring finger proteins
90	TTLL12	9606.ENSP00000216129	TTLL12	Tubulin--tyrosine ligase-like protein 12; Tubulin tyrosine ligase like 12
91	TYK2	9606.ENSP00000431885	TYK2	Non-receptor tyrosine-protein kinase TYK2; Probably involved in intracellular signal transduction by being involved in the initiation of type I IFN signaling. Phosphorylates the interferon-alpha/beta receptor alpha chain; FERM domain containing
92	UBE2K	9606.ENSP00000261427	UBE2K	Ubiquitin-conjugating enzyme E2 K; Accepts ubiquitin from the E1 complex and catalyzes its covalent attachment to other proteins. In vitro, in the presence or in the absence of BRCA1-BARD1 E3 ubiquitin-protein ligase complex, catalyzes the synthesis of 'Lys-48'-linked polyubiquitin chains. Does not transfer ubiquitin directly to but elongates monoubiquitinated substrate protein. Mediates the selective degradation of short-lived and abnormal proteins, such as the endoplasmic reticulum-associated degradation (ERAD) of misfolded lumenal proteins. Ubiquitinates huntingtin. May mediate foam [...] 
93	USP18	9606.ENSP00000215794	USP18	Ubl carboxyl-terminal hydrolase 18; Involved in the regulation of inflammatory response to interferon type 1. Can efficiently cleave only ISG15 fusions including native ISG15 conjugates linked via isopeptide bonds. Necessary to maintain a critical cellular balance of ISG15-conjugated proteins in both healthy and stressed organisms; Ubiquitin specific peptidases
94	WNT5A	9606.ENSP00000264634	WNT5A	Protein Wnt-5a; Ligand for members of the frizzled family of seven transmembrane receptors. Can activate or inhibit canonical Wnt signaling, depending on receptor context. In the presence of FZD4, activates beta-catenin signaling. In the presence of ROR2, inhibits the canonical Wnt pathway by promoting beta-catenin degradation through a GSK3-independent pathway which involves down-regulation of beta-catenin-induced reporter gene expression. Suppression of the canonical pathway allows chondrogenesis to occur and inhibits tumor formation. Stimulates cell migration. Decreases proliferatio [...] 
95	XAF1	9606.ENSP00000354822	XAF1	XIAP-associated factor 1; Seems to function as a negative regulator of members of the IAP (inhibitor of apoptosis protein) family. Inhibits anti- caspase activity of BIRC4. Induces cleavage and inactivation of BIRC4 independent of caspase activation. Mediates TNF-alpha- induced apoptosis and is involved in apoptosis in trophoblast cells. May inhibit BIRC4 indirectly by activating the mitochondrial apoptosis pathway. After translocation to mitochondria, promotes translocation of BAX to mitochondria and cytochrome c release from mitochondria. Seems to promote the redistribution of BIRC4  [...] 
96	YTHDF2	9606.ENSP00000362918	YTHDF2	YTH domain-containing family protein 2; Specifically recognizes and binds N6-methyladenosine (m6A)-containing RNAs, and regulates mRNA stability. M6A is a modification present at internal sites of mRNAs and some non- coding RNAs and plays a role in mRNA stability and processing. Acts as a regulator of mRNA stability: binding to m6A-containing mRNAs results in the localization to mRNA decay sites, such as processing bodies (P-bodies), leading to mRNA degradation. Required maternally to regulate oocyte maturation: probably acts by binding to m6A-containing mRNAs, thereby regulating mater [...] 
97	YTHDF3	9606.ENSP00000478490	YTHDF3	YTH domain-containing family protein 3; Specifically recognizes and binds N6-methyladenosine (m6A)-containing RNAs and promotes RNA translation efficiency. M6A is a modification present at internal sites of mRNAs and some non- coding RNAs and plays a role in the efficiency of mRNA splicing, processing and stability. Shares m6A- containing mRNAs targets with YTHDF1 and YTHDF2, and regulates different processes depending on the context. Facilitates the translation of targeted mRNAs in cooperation with YTHDF1 by binding to m6A-containing mRNAs and interacting with 40S and 60S ribosome sub [...] 
98	ZBP1	9606.ENSP00000360215	ZBP1	Z-DNA-binding protein 1; Participates in the detection by the host's innate immune system of DNA from viral, bacterial or even host origin. Plays a role in host defense against tumors and pathogens. Acts as a cytoplasmic DNA sensor which, when activated, induces the recruitment of TBK1 and IRF3 to its C-terminal region and activates the downstream interferon regulatory factor (IRF) and NF-kappa B transcription factors, leading to type-I interferon production. ZBP1-induced NF-kappaB activation probably involves the recruitment of the RHIM containing kinases RIPK1 and RIPK3 (By similarity)
99	AXL	9606.ENSP00000301178	AXL	Tyrosine-protein kinase receptor UFO; Receptor tyrosine kinase that transduces signals from the extracellular matrix into the cytoplasm by binding growth factor GAS6 and which is thus regulating many physiological processes including cell survival, cell proliferation, migration and differentiation. Ligand binding at the cell surface induces dimerization and autophosphorylation of AXL. Following activation by ligand, ALX binds and induces tyrosine phosphorylation of PI3- kinase subunits PIK3R1, PIK3R2 and PIK3R3; but also GRB2, PLCG1, LCK and PTPN11. Other downstream substrate candidate [...] 
100	EIF2AK2	9606.ENSP00000233057	EIF2AK2	Interferon-induced, double-stranded RNA-activated protein kinase; IFN-induced dsRNA-dependent serine/threonine-protein kinase which plays a key role in the innate immune response to viral infection and is also involved in the regulation of signal transduction, apoptosis, cell proliferation and differentiation. Exerts its antiviral activity on a wide range of DNA and RNA viruses including hepatitis C virus (HCV), hepatitis B virus (HBV), measles virus (MV) and herpes simplex virus 1 (HHV-1). Inhibits viral replication via phosphorylation of the alpha subunit of eukaryotic initiation fac [...] 
101	GAS6	9606.ENSP00000331831	GAS6	Growth arrest-specific protein 6; Ligand for tyrosine-protein kinase receptors AXL, TYRO3 and MER whose signaling is implicated in cell growth and survival, cell adhesion and cell migration. GAS6/AXL signaling plays a role in various processes such as endothelial cell survival during acidification by preventing apoptosis, optimal cytokine signaling during human natural killer cell development, hepatic regeneration, gonadotropin-releasing hormone neuron survival and migration, platelet activation, or regulation of thrombotic responses; Gla domain containing
102	GATA3	9606.ENSP00000368632	GATA3	Trans-acting T-cell-specific transcription factor GATA-3; Transcriptional activator which binds to the enhancer of the T-cell receptor alpha and delta genes. Binds to the consensus sequence 5'-AGATAG-3'. Required for the T-helper 2 (Th2) differentiation process following immune and inflammatory responses; GATA zinc finger domain containing
103	KLHL20	9606.ENSP00000209884	KLHL20	Kelch-like protein 20; Substrate-specific adapter of a BCR (BTB-CUL3-RBX1) E3 ubiquitin-protein ligase complex involved in interferon response and anterograde Golgi to endosome transport. The BCR(KLHL20) E3 ubiquitin ligase complex mediates the ubiquitination of DAPK1, leading to its degradation by the proteasome, thereby acting as a negative regulator of apoptosis. The BCR(KLHL20) E3 ubiquitin ligase complex also specifically mediates 'Lys-33'- linked ubiquitination. Involved in anterograde Golgi to endosome transport by mediating 'Lys-33'-linked ubiquitination of CORO7, promoting int [...] 
104	LAMP3	9606.ENSP00000265598	LAMP3	Lysosome-associated membrane glycoprotein 3; May play a role in dendritic cell function and in adaptive immunity; CD molecules
105	PDE12	9606.ENSP00000309142	PDE12	2',5'-phosphodiesterase 12; Enzyme that cleaves 2',5'-phosphodiester bond linking adenosines of the 5'-triphosphorylated oligoadenylates, triphosphorylated oligoadenylates referred as 2-5A modulates the 2-5A system. This enzyme degraded triphosphorylated 2-5A to produce AMP and ATP. Also cleaves 3',5'-phosphodiester bond of oligoadenylates. Plays a role as a negative regulator of the The 2-5A system that is one of the major pathways for antiviral and antitumor functions induced by interferons (IFNs). Suppression of this enzyme induces reduction of viral replication in Hela cells, thus  [...] 
106	PYHIN1	9606.ENSP00000357122	PYHIN1	Pyrin and HIN domain-containing protein 1; Major mediator of the tumor suppressor activity of IFN in breast cancer cells. Promotes ubiquitination and subsequent degradation of MDM2, which leads to p53/TP53 stabilization. Promotes ubiquitination and subsequent degradation of HDAC1, which in turn enhances maspin expression, and impairs invasive activity of cancer cells; Pyrin and HIN domain family
107	RO60	9606.ENSP00000356416	TROVE2	60 kDa SS-A/Ro ribonucleoprotein; RNA-binding protein that binds to misfolded non-coding RNAs, pre-5S rRNA, and several small cytoplasmic RNA molecules known as Y RNAs. May stabilize some of these RNAs and protect them from degradation; Belongs to the Ro 60 kDa family
108	STAR	9606.ENSP00000276449	STAR	Steroidogenic acute regulatory protein, mitochondrial; Plays a key role in steroid hormone synthesis by enhancing the metabolism of cholesterol into pregnenolone. Mediates the transfer of cholesterol from the outer mitochondrial membrane to the inner mitochondrial membrane where it is cleaved to pregnenolone; StAR related lipid transfer domain containing
109	TPR	9606.ENSP00000356448	TPR	Nucleoprotein TPR; Component of the nuclear pore complex (NPC), a complex required for the trafficking across the nuclear envelope. Functions as a scaffolding element in the nuclear phase of the NPC essential for normal nucleocytoplasmic transport of proteins and mRNAs, plays a role in the establishment of nuclear-peripheral chromatin compartmentalization in interphase, and in the mitotic spindle checkpoint signaling during mitosis. Involved in the quality control and retention of unspliced mRNAs in the nucleus; in association with NUP153, regulates the nuclear export of unspliced mRNA [...] 
110	ACOD1	9606.ENSP00000366682	IRG1	Cis-aconitate decarboxylase; Involved in the inhibition of the inflammatory response. Acts as a negative regulator of the Toll-like receptors (TLRs)- mediated inflammatory innate response by stimulating the tumor necrosis factor alpha-induced protein TNFAIP3 expression via reactive oxygen species (ROS) in LPS-tolerized macrophages. Involved in antimicrobial response of innate immune cells; ACOD1- mediated itaconic acid production contributes to the antimicrobial activity of macrophages. Plays a role in the embryo implantation
111	AIM2	9606.ENSP00000357112	AIM2	Interferon-inducible protein AIM2; Involved in innate immune response by recognizing cytosolic double-stranded DNA and inducing caspase-1-activating inflammasome formation in macrophages. Upon binding to DNA is thought to undergo oligomerization and to associate with PYCARD initiating the recruitment of caspase-1 precusrsor and processing of interleukin-1 beta and interleukin-18. Detects cytosolic dsDNA of viral and bacterial origin in a non-sequence-specific manner. Can also trigger PYCARD-dependent, caspase-1-independent cell death that involves caspase-8 (By similarity). Tumor suppr [...] 
112	CAPN2	9606.ENSP00000295006	CAPN2	Calpain-2 catalytic subunit; Calcium-regulated non-lysosomal thiol-protease which catalyzes limited proteolysis of substrates involved in cytoskeletal remodeling and signal transduction. Proteolytically cleaves MYOC at 'Arg-226'. Proteolytically cleaves CPEB3 following neuronal stimulation which abolishes CPEB3 translational repressor activity, leading to translation of CPEB3 target mRNAs (By similarity); Calpains
113	CDC34	9606.ENSP00000215574	CDC34	Ubiquitin-conjugating enzyme E2 R1; Accepts ubiquitin from the E1 complex and catalyzes its covalent attachment to other proteins. In vitro catalyzes 'Lys- 48'-linked polyubiquitination. Cooperates with the E2 UBCH5C and the SCF(FBXW11) E3 ligase complex for the polyubiquitination of NFKBIA leading to its subsequent proteasomal degradation. Performs ubiquitin chain elongation building ubiquitin chains from the UBE2D3-primed NFKBIA-linked ubiquitin. UBE2D3 acts as an initiator E2, priming the phosphorylated NFKBIA target at positions 'Lys-21' and/or 'Lys-22' with a monoubiquitin. Cooper [...] 
114	DDX41	9606.ENSP00000422753	DDX41	Probable ATP-dependent RNA helicase DDX41; Probable ATP-dependent RNA helicase. Is required during post-transcriptional gene expression. May be involved in pre-mRNA splicing; Belongs to the DEAD box helicase family. DDX41 subfamily
115	HTRA2	9606.ENSP00000258080	HTRA2	Serine protease HTRA2, mitochondrial; Serine protease that shows proteolytic activity against a non-specific substrate beta-casein. Promotes or induces cell death either by direct binding to and inhibition of BIRC proteins (also called inhibitor of apoptosis proteins, IAPs), leading to an increase in caspase activity, or by a BIRC inhibition-independent, caspase-independent and serine protease activity-dependent mechanism. Cleaves THAP5 and promotes its degradation during apoptosis. Isoform 2 seems to be proteolytically inactive; Belongs to the peptidase S1C family
116	IFI16	9606.ENSP00000357113	IFI16	Gamma-interferon-inducible protein 16; Binds double-stranded DNA. Binds preferentially to supercoiled DNA and cruciform DNA structures. Seems to be involved in transcriptional regulation. May function as a transcriptional repressor. Could have a role in the regulation of hematopoietic differentiation through activation of unknown target genes. Controls cellular proliferation by modulating the functions of cell cycle regulatory factors including p53/TP53 and the retinoblastoma protein. May be involved in TP53-mediated transcriptional activation by enhancing TP53 sequence-specific DNA bi [...] 
117	IRGM	9606.ENSP00000428220	IRGM	Immunity-related GTPase family M protein; Putative GTPase which is required for clearance of acute protozoan and bacterial infections. Functions in innate immune response probably through regulation of autophagy. May regulate proinflammatory cytokine production and prevent endotoxemia upon infection. May also play a role in macrophages adhesion and motility (By similarity); Belongs to the TRAFAC class dynamin-like GTPase superfamily. IRG family
118	MNDA	9606.ENSP00000357123	MNDA	Myeloid cell nuclear differentiation antigen; May act as a transcriptional activator/repressor in the myeloid lineage. Plays a role in the granulocyte/monocyte cell- specific response to interferon. Stimulates the DNA binding of the transcriptional repressor protein YY1; Pyrin and HIN domain family
119	NDUFA13	9606.ENSP00000423673	NDUFA13	NADH dehydrogenase [ubiquinone] 1 alpha subcomplex subunit 13; Accessory subunit of the mitochondrial membrane respiratory chain NADH dehydrogenase (Complex I), that is believed not to be involved in catalysis. Complex I functions in the transfer of electrons from NADH to the respiratory chain. The immediate electron acceptor for the enzyme is believed to be ubiquinone. Involved in the interferon/all-trans-retinoic acid (IFN/RA) induced cell death. This apoptotic activity is inhibited by interaction with viral IRF1. Prevents the transactivation of STAT3 target genes. May play a role in [...] 
120	PLSCR1	9606.ENSP00000345494	PLSCR1	Phospholipid scramblase 1; May mediate accelerated ATP-independent bidirectional transbilayer migration of phospholipids upon binding calcium ions that results in a loss of phospholipid asymmetry in the plasma membrane. May play a central role in the initiation of fibrin clot formation, in the activation of mast cells and in the recognition of apoptotic and injured cells by the reticuloendothelial system
121	PNPT1	9606.ENSP00000400646	PNPT1	Polyribonucleotide nucleotidyltransferase 1, mitochondrial; RNA-binding protein implicated in numerous RNA metabolic processes. Catalyzes the phosphorolysis of single-stranded polyribonucleotides processively in the 3'-to-5' direction. Mitochondrial intermembrane factor with RNA-processing exoribonulease activity. Component of the mitochondrial degradosome (mtEXO) complex, that degrades 3' overhang double- stranded RNA with a 3'-to-5' directionality in an ATP-dependent manner. Required for correct processing and polyadenylation of mitochondrial mRNAs. Plays a role as a cytoplasmic RNA  [...] 
123	TLR3	9606.ENSP00000296795	TLR3	Toll-like receptor 3; Key component of innate and adaptive immunity. TLRs (Toll-like receptors) control host immune response against pathogens through recognition of molecular patterns specific to microorganisms. TLR3 is a nucleotide-sensing TLR which is activated by double-stranded RNA, a sign of viral infection. Acts via the adapter TRIF/TICAM1, leading to NF-kappa-B activation, IRF3 nuclear translocation, cytokine secretion and the inflammatory response; CD molecules
124	UBE2G2	9606.ENSP00000338348	UBE2G2	Ubiquitin-conjugating enzyme E2 G2; Accepts ubiquitin from the E1 complex and catalyzes its covalent attachment to other proteins. In vitro catalyzes 'Lys- 48'-linked polyubiquitination. Involved in endoplasmic reticulum- associated degradation (ERAD); Ubiquitin conjugating enzymes E2
